<?xml version="1.0" encoding="UTF-8"?>
<component xmlns="http://www.opensource-socialnetwork.org/v/3.0">
    <name>SearchPage</name>
    <id>SearchPage</id>
    <author>AT3META</author>
    <description>Search page for your OSSN installation</description>
    <license>GNU General Public License, version 3</license>
    <author_url>https://www.3ncircle.com/</author_url>
    <license_url>https://www.gnu.org/licenses/gpl-3.0.html</license_url>
    <version>1.0</version>
	<requires>
		<type>ossn_version</type>
		<version>5.6</version>
	</requires>
</component>